{"cameraMode":{"drawMode":0,"name":"Shaded","section":"Shading Mode"},"sceneLighting":true,"audioPlay":false,"sceneViewState":{"showFog":true,"showMaterialUpdate":true,"showSkybox":true,"showFlares":true,"showImageEffects":true,"showParticleSystems":true},"in2DMode":false,"pivot":{"x":1.7302165031433106,"y":-4.356960296630859,"z":-1.2861251831054688},"rotation":{"x":0.025465279817581178,"y":0.9135616421699524,"z":-0.4017520844936371,"w":0.05790679529309273},"size":8.431855201721192,"orthographic":false}