{"cameraMode":{"drawMode":0,"name":"Shaded","section":"Shading Mode"},"sceneLighting":true,"audioPlay":false,"sceneViewState":{"showFog":true,"showMaterialUpdate":true,"showSkybox":true,"showFlares":true,"showImageEffects":true,"showParticleSystems":true},"in2DMode":false,"pivot":{"x":-0.25902697443962099,"y":0.9538472890853882,"z":0.6541029810905457},"rotation":{"x":-0.2484777271747589,"y":0.09339355677366257,"z":-0.024077389389276506,"w":-0.9638256430625916},"size":1.7660253047943116,"orthographic":false}